,Time,Speed,Y_component,X_component
0,0.0,11.408073670901107,-0.9097143706590044,-0.4152345888970372
1,0.0,1.9819899437587618,0.6967404731671701,-0.7173232974404135
2,0.0,11.349706099120919,0.7946545550649824,-0.607061889855124
3,0.0,2.2966065639770097,-0.8595816143740137,-0.5109984816319563
4,0.0,7.684964331196703,0.658684142331479,-0.75241956423331
5,0.0,5.1258506405920805,-0.7091138393850936,0.7050940098969296
6,0.0,10.142993026213905,-0.9665755004817476,-0.25638214030711876
7,0.0,10.162322603003622,-0.990090583875428,-0.14043018094844775
8,0.0,9.680618066349524,-0.8554239641217303,0.5179284135923273
9,0.0,10.101090302447725,0.04312483066535679,-0.9990696917533253
10,0.0,5.94513678856952,0.5764175329749348,-0.817155326531676
11,0.0,6.19666988117424,-0.9797155859984129,0.20039304017801185
12,0.0,18.55189947005958,-0.38836749536575627,0.9215045786882066
13,0.0,8.4277517391327,-0.5327937526278508,-0.8462451282936478
14,0.0,9.147069748084357,0.8658431209503579,0.5003155903057027
15,0.0,3.811207630966447,0.04812757099730974,-0.9988411970428026
16,0.0,7.695561884511689,0.9980438660876397,0.06251752846072405
17,0.0,14.310951574079004,-0.998075113216949,-0.06201667821622211
18,0.0,6.427508868700287,0.42881322802832894,-0.9033931677115586
19,0.0,6.04758190089537,0.9574426357165906,-0.2886236291644674
20,0.0,5.819665543020952,-0.03898686933911752,-0.9992397229990081
21,0.0,3.8935245064723802,0.9923117971032521,-0.12376306932891623
22,0.0,12.969402514275071,-0.7667098771108677,0.6419937416678125
23,0.0,6.578630592497165,-0.04044447812659212,0.9991817873585706
24,0.0,2.327788514688989,-0.6653036795697508,-0.7465728457096136
25,0.0,1.855035465336035,-0.9582182608663857,-0.2860380473681764
26,0.0,31.725897784652954,0.9697146232363136,-0.24424076130256048
27,0.0,4.47617951437076,0.8921885391867648,0.45166316048996835
28,0.0,1.9303223615742862,0.988157597979721,0.1534423720976308
29,0.0,7.413846460314924,0.9999976913732933,-0.0021487782770155017
30,0.0,8.95065514246844,-0.954201606564098,0.2991643261328037
31,0.0,5.132317429689238,-0.18451445472280148,0.9828298001171655
32,0.0,5.503872954142933,0.9360975127708362,-0.351740595587507
33,0.0,15.650534166744897,-0.9280536153463843,-0.37244662307840204
34,0.0,3.0453652794022137,-0.41625373943834315,0.9092484943092267
35,0.0,9.085773080257358,-0.8563085653245593,-0.5164645592408008
36,0.0,6.525784404290688,0.41714746914747913,-0.9088388135328799
37,0.0,3.8816377385568033,-0.2998212349141156,-0.9539954020301012
38,0.0,9.768294845792159,-0.13214721670706295,-0.9912301009940006
39,0.0,8.252362577371068,-0.3364179088848002,0.9417127962290723
40,0.0,11.494622228954912,0.7342315633813901,0.678899117199691
41,0.0,6.335249188317498,0.5947090332127547,-0.8039410213536505
42,0.0,8.162210422870078,-0.9880108323833486,-0.15438456883109236
43,0.0,42.499752590274134,-0.49750858055381975,-0.8674590551001952
44,0.0,49.28625525179304,-0.581106123212148,-0.8138277910991661
45,0.0,7.909418725038559,0.02217106900652425,-0.9997541916386787
46,0.0,7.500532673203137,0.25468568628420263,0.9670238886407847
47,0.0,12.465852330449412,0.9982350511484258,-0.05938672123210717
48,1.0,12.711231523961715,-0.6460086215337527,-0.7633301126668989
49,1.0,4.4292011949637935,0.7103553168640359,-0.7038432522962731
50,1.0,14.740794552006362,-0.698277948957023,-0.7158267290345991
51,1.0,7.356456076071765,0.6836226280596952,-0.7298356680820387
52,1.0,4.638538169898461,-0.9326607877273123,-0.36075456343041484
53,1.0,7.812881922384605,0.11429941189371334,-0.9934463470367946
54,1.0,5.708682845551485,0.9840286847757274,-0.17800996471701278
55,1.0,5.874982040508257,-0.8391366759817717,-0.5439206183095683
56,1.0,2.7192119266328416,0.9799693807241423,0.19914821827759635
57,1.0,9.746901271508502,-0.9568326253166282,0.290639514054247
58,1.0,7.647327953562172,-0.974103748480755,0.2261014975530724
59,1.0,2.1024578647742436,-0.1100122792252048,-0.9939302281446497
60,1.0,2.907773827392007,-0.9525538353761241,-0.3043701541055492
61,1.0,20.636791319283954,-0.2951313186304879,-0.9554566995753546
62,1.0,4.996881675503779,-0.5178914669296504,-0.8554463329054925
63,1.0,4.156011634330661,-0.854887821511868,-0.5188128878802958
64,1.0,2.545502764711854,-0.5649060589816954,0.8251552245037107
65,1.0,2.4002526200893355,0.64550277566516,-0.7637579240888924
66,1.0,4.809792821217938,-0.04756518226920984,0.9988681361599723
67,1.0,9.221693064451344,-0.4878655924373619,0.8729187612348254
68,1.0,10.517410424738136,-0.9999361061301522,0.0113041433673276
69,1.0,7.707112583196026,0.038169276870745,0.9992712876407309
70,1.0,4.072341910813036,-0.46391819427281367,0.8858780441023765
71,1.0,7.482764110249105,0.40840796575260446,-0.9127995034561639
72,1.0,16.742121627188617,-0.006550007112026099,0.9999785484733322
73,1.0,21.774601692577253,-0.07016493690127687,0.9975354036973525
74,1.0,5.055911932187764,0.8417726558813914,-0.539832192269402
75,1.0,8.719430556296322,-0.8287486022079285,0.5596210810346627
76,1.0,9.837791917439176,0.2501220974960761,-0.9682143029020813
77,1.0,3.567853405538815,-0.5391734743023481,-0.842194730812735
78,1.0,3.835269044480659,-0.945579308227846,-0.3253917206250771
79,1.0,1.3409859724828224,0.49016619053230487,-0.8716289954212447
80,1.0,6.790451937734818,-0.5005487840066717,0.8657083312695115
81,1.0,8.227429854944555,0.8622409544579586,-0.5064983084428109
82,1.0,4.322334652220786,-0.5767473149677782,-0.8169226001754747
83,1.0,13.577285196029074,0.8020587014326382,-0.5972452088181117
84,1.0,8.903266753833918,-0.05349677654841022,0.9985680221692107
85,1.0,7.572787335816584,-0.9243148821878782,-0.38163070967364354
86,1.0,4.474966544260482,-0.9979414204555475,0.06413206170991433
87,1.0,1.9050213054671565,-0.9940664779011446,0.10877425023052693
88,1.0,5.420050605911306,0.15048996595615372,-0.9886115365230752
89,1.0,68.62653285634579,-0.10352509636432396,-0.9946268417968406
90,1.0,2.7546572410031667,-0.032072537487603164,-0.9994855438369813
91,1.0,2.535786160928226,-0.010796618344261983,-0.9999417148175829
92,1.0,4.005746106542741,0.22848977665350342,0.9735463121828527
93,1.0,5.235024431811955,0.9944628791414819,-0.10508844850712372
94,1.0,3.695619116009804,0.8778939450032311,-0.47885511517228657
95,1.0,54.05082703375195,0.9609211030527542,0.27682238657283154
96,2.0,10.776720443259885,0.9339104142820647,-0.35750711614666153
97,2.0,11.725508934266745,-0.9076730611911793,-0.4196779884480884
98,2.0,4.443215227103387,-0.8625920139236509,-0.5059002050949774
99,2.0,5.944200817197225,0.7974486574738084,-0.6033868068604256
100,2.0,6.494747733358968,0.24681853934180065,-0.9690617155977116
101,2.0,13.83966838184505,-0.9999051827997131,-0.01377045425076847
102,2.0,9.97735472922538,-0.9850496471216679,-0.17227069601495718
103,2.0,4.9579181577039595,0.20369732261998125,-0.9790339119547654
104,2.0,7.347326086000198,0.8556972214147839,-0.517476825822199
105,2.0,23.51408839556983,0.9672836498089185,0.25369734096426344
106,2.0,12.338998922647018,-0.5078082160332996,-0.8614701479036158
107,2.0,5.90675537064705,0.44685632421801397,-0.8946057374655974
108,2.0,6.0695713267103315,-0.7642303331291533,-0.6449434067616346
109,2.0,7.297392988750371,0.5865758002752617,-0.8098943329419193
110,2.0,3.9255807590249914,0.8687429448766366,-0.49526325901188056
111,2.0,14.593290013019672,-0.9675573607586304,0.25265144694181624
112,2.0,9.608773342383293,0.6027950029266294,0.7978960987789607
113,2.0,2.718278812995017,0.3145478728893275,-0.9492416107929528
114,2.0,7.594276693043287,0.9777618664325055,-0.2097182217891978
115,2.0,4.54181367563747,0.7563889495781027,-0.6541221269427708
116,2.0,3.167393100935684,-0.7242306459578236,-0.6895578086393581
117,2.0,6.973854377554793,0.06850115621863269,0.9976510369847317
118,2.0,5.796991571805142,-0.5589165751692402,-0.8292238913593162
119,2.0,1.2415649825160893,0.19915722157163682,0.9799675510423118
120,2.0,5.123247285614783,0.9992906316726273,-0.0376594404010655
121,2.0,5.911508871354839,-0.7813838949448882,-0.6240506459581272
122,2.0,8.701302576997941,-0.8069923472090064,-0.5905618947630286
123,2.0,6.175308300522514,0.9978827747423094,-0.06503820317774409
124,2.0,2.7479348557990395,0.857204865746775,-0.5149755510119423
125,2.0,14.296360041119607,-0.9672262053137,-0.25391626130372286
126,2.0,9.683765063410956,-0.6312530602296911,-0.7755769297436907
127,2.0,11.191798770765965,-0.9875232550536251,-0.15747323813363612
128,2.0,4.341899984973786,-0.49967695576399135,-0.8662118331438508
129,2.0,2.2378400782111236,0.3924485567299126,-0.9197739561004153
130,2.0,5.506811145459636,-0.993621125273411,0.11276994018975336
131,2.0,96.59106586043374,0.9960516678088753,0.0887754192057557
132,2.0,0.7250478842246358,0.8408143290203048,-0.5413236223500084
133,2.0,9.826698073219161,0.9811426430558523,0.19328505885705832
134,2.0,3.188412747835116,-0.8410323122656176,0.5409848886292008
135,2.0,5.599251184917016,-0.9031912432541223,-0.42923836980059593
136,2.0,57.63953401159511,-0.07598941426689206,-0.9971086244333536
137,2.0,14.023535781197804,0.4198643399806009,-0.9075868751875239
138,2.0,1.23523020536913,0.06492428989882412,-0.9978901926470334
139,2.0,78.94392975668936,-0.991122093788346,0.13295486153053954
140,2.0,3.4915469619198034,0.001982831991571006,-0.9999980341867145
141,2.0,4.618597893238916,0.954317405830962,0.29879472707539995
142,2.0,5.986622596596236,0.7364892962784102,-0.6764491972552944
143,2.0,75.21568414241702,-0.16405166119802156,0.9864517486720623
144,2.0,31.86871466826555,-0.4048410513595575,-0.9143870751132084
145,2.0,238.90071428276238,0.049510300554803,0.9987736130570196
146,3.0,5.038900088192224,0.2084643084775424,-0.9780299750472785
147,3.0,7.403619319282442,-0.42023475709781716,-0.9074154224647819
148,3.0,5.891212726738291,-0.39353360744203075,-0.9193102304519741
149,3.0,9.854217516135906,0.8648558405780155,-0.5020202934325404
150,3.0,14.904336027124907,-0.019810118067051616,-0.9998037603560858
151,3.0,5.637090517332787,-0.44665313451858546,-0.8947072020637379
152,3.0,5.028342695928374,-0.8503462736726382,0.5262235407610144
153,3.0,5.339251309693931,-0.9987462213238506,-0.05005981813121152
154,3.0,0.09012067705322943,0.2645083068935114,0.9643834069416208
155,3.0,2.014848299938895,0.947807470244757,-0.3188432206402298
156,3.0,11.244429313950835,-0.5549205772708958,-0.8319033314762814
157,3.0,8.2295898554829,-0.9316819407844863,-0.3632750489863746
158,3.0,19.89128473220892,-0.9424309398103713,-0.334400842834076
159,3.0,1.3910458709694817,-0.486948276357005,-0.873430807879446
160,3.0,6.1448060467542716,0.877968167021591,0.478719017479719
161,3.0,11.03614213627613,-0.9975896257605857,-0.06938975842913984
162,3.0,10.16841960650204,-0.7362929293643579,-0.6766629309841441
163,3.0,2.229631312597655,-0.6149793709482204,0.7885431968561591
164,3.0,11.377298829423886,0.6689828521476815,-0.7432778373746611
165,3.0,4.042246959360153,0.9535060630134937,0.3013738339612569
166,3.0,8.910595880311373,0.9985488371876488,-0.05385368837131427
167,3.0,50.8662315536714,-0.25303823538983655,-0.9674562788213211
168,3.0,9.55366074650926,0.3242851260860728,-0.9459593844343107
169,3.0,3.6851066807208497,0.8534776087383629,-0.5211295149789984
170,3.0,12.28664200473122,-0.38739825463867866,-0.9219124645555594
171,3.0,2.332730065684567,0.8396519568082519,-0.5431248396345667
172,3.0,11.388031375600265,0.9039351716851897,-0.4276695048638219
173,3.0,20.659787753757975,-0.7624396016699773,0.6470593897049377
174,3.0,6.885689231104904,-0.6423936628094745,0.766374831255716
175,3.0,7.034498434698015,0.7036740456240927,0.7105229324342898
176,3.0,9.582589131567229,0.9923725723215323,0.12327480563337072
177,3.0,74.00075012492101,-0.9800442457585693,0.1987794666345517
178,3.0,3.5809522451896334,-0.1330260669796085,0.9911125392728802
179,3.0,3.8796592035593633,-0.8136219264261186,0.5813943247389429
180,3.0,2.4868645856432874,-0.2691512966412041,-0.9630979075443777
181,3.0,19.088299401702738,-0.8300569089514754,-0.5576786959369363
182,3.0,2.8770556680511956,-0.5255647766824529,-0.8507535868338865
183,3.0,9.554078917892705,0.024423250019252638,-0.999701707940172
184,3.0,8.773855917680336,-0.025079744110458827,0.9996854537480045
185,3.0,6.5824162905759565,-0.6920737570202958,0.7218267900568754
186,3.0,3.7332881524644703,0.06510552126248602,-0.9978783849253073
187,3.0,17.449211939761568,0.9470325359977129,-0.32113762744614766
188,4.0,5.938486047245785,-0.5218228640582446,-0.8530538661456561
189,4.0,8.018519495783142,-0.7840118723788081,0.620745828797162
190,4.0,4.09614209955999,-0.6161607300054821,-0.7876204382817346
191,4.0,9.079407156230985,-0.9993144498870773,0.037022023808645776
192,4.0,5.761856648627399,-0.5582507623562584,0.8296722764614087
193,4.0,10.502466836278264,0.8842809865966291,-0.46695517637530515
194,4.0,4.46748431370196,0.06388889474173923,-0.9979570176759512
195,4.0,6.959042759470638,0.590438982796002,-0.8070822805605525
196,4.0,2.45393716821217,0.7180381912900488,0.696003703904595
197,4.0,11.847580837671483,0.4685867777957965,-0.8834174730414567
198,4.0,6.888456482353684,0.9961226298851465,-0.08797560020084767
199,4.0,29.384975032245272,-0.9783094197515926,0.20714893006072266
200,4.0,6.301452257342555,0.07268632035207247,-0.997354851010249
201,4.0,6.322634575878832,-0.3855445349554725,-0.9226892280535025
202,4.0,2.193067342292086,0.35507215395008734,0.9348388981472934
203,4.0,3.4885224365426923,-0.32824024052602246,0.9445942750723292
204,4.0,16.74173556584649,0.8536737319096599,0.520808179128779
205,4.0,6.620947206158103,-0.9874417919134855,-0.1579832509561856
206,4.0,5.178731235532348,-0.0867884604199883,-0.996226762909895
207,4.0,5.2163500627391315,-0.7665949779666107,0.6421309366136876
208,4.0,2.9519637111121364,-0.29275894931115043,0.9561862776667689
209,4.0,6.624524409301338,-0.3605136412046952,-0.9327539410291078
210,4.0,8.463647573882652,-0.8031932092305659,0.5957186153259811
211,4.0,4.343530135016923,0.5168898724920141,-0.8560519024657265
212,4.0,6.681229719452655,-0.9841866905439905,-0.1771342941275556
213,4.0,8.846475369711921,-0.9555762861725071,-0.2947438910389131
214,4.0,4.488063037214953,0.9358666496926165,0.35235438693610327
215,4.0,5.08919190645123,-0.23467043655241088,-0.9720749900127567
216,4.0,26.937646735578742,0.9644754007973947,0.26417267318309967
217,4.0,4.519160199095762,-0.06649371078545416,-0.9977868441836566
218,4.0,54.865732640045366,-0.09670281614114293,-0.9953133000971968
219,4.0,6.815342623934395,-0.9487357762116745,-0.3160702879677738
220,4.0,8.24965157723913,0.9868886997914676,-0.1614022745313904
221,4.0,8.539576232190882,-0.24294347324139096,-0.9700404469966237
222,4.0,5.6274258692467685,0.5652867392130209,-0.8248944795971848
223,4.0,42.778443603246224,0.891094976961845,-0.45381685957373713
224,4.0,4.901187349010027,0.9319270123154287,-0.36264589300974986
225,4.0,4.965928831246009,-0.9286282985529825,-0.3710114326090135
226,4.0,5.422113524436039,-0.24163422936190906,0.9703674042344355
227,5.0,9.936728473533122,0.8570509058793361,-0.5152317388626299
228,5.0,8.826855466790605,-0.24856071372596697,0.9686163180496381
229,5.0,13.169207142651192,-0.7427649636214101,-0.6695522450238558
230,5.0,2.0890606341178874,-0.9905853103028647,-0.13689683346293066
231,5.0,3.082412799043367,-0.9769917970838528,0.2132768820825736
232,5.0,3.479845625140062,0.6902432752843087,-0.7235773772892504
233,5.0,7.089090527198951,-0.7089990526141806,-0.7052094322909999
234,5.0,6.701187457683456,-0.43370034730414975,-0.9010571617540475
235,5.0,12.67906596477012,0.31469325022732497,-0.9491934251043683
236,5.0,5.398629324745881,0.968962611704654,0.24720731606992488
237,5.0,9.357862428081766,-0.7830005346786666,-0.6220210307480947
238,5.0,13.597487767838588,0.8711196919604046,-0.4910707507873074
239,5.0,4.929554723370247,-0.2504650247933694,0.9681256485370362
240,5.0,15.313171383002926,0.5992385954324246,0.8005704876799886
241,5.0,2.6495515048267135,0.96852927497904,-0.24889966554532617
242,5.0,2.1038538972405365,0.7901418286617917,-0.6129240496170791
243,5.0,7.66312921857527,0.4068441704854864,-0.9134975757723588
244,5.0,1.4686628393579042,0.9098390607392679,-0.41496130368154394
245,5.0,4.549516133483383,-0.8343249650344863,-0.551272938497985
246,5.0,11.648842532958334,0.9991986995298848,-0.04002447823253669
247,5.0,8.7208660458627,-0.22665731946024625,-0.9739745682178236
248,5.0,5.0948279254078495,0.9618933836964281,-0.2734247947810077
249,5.0,3.2166065506695416,0.8687526612531976,-0.4952462150945597
250,5.0,11.613286750151813,-0.6192630008533204,-0.7851836318811928
251,5.0,4.1886878887192305,-0.9884620450098357,-0.15146876105314036
252,5.0,7.497312840409369,-0.4214719509596635,-0.906841438485392
253,5.0,13.065131469031977,-0.8342056510991929,0.551453471903271
254,5.0,8.065180630381544,0.5532875697795442,-0.8329903151462482
255,5.0,23.889933389266226,-0.29127884334411985,0.9566381946274733
256,5.0,52.30809002569246,-0.19446309896214595,-0.9809098343589174
257,5.0,4.244135888854024,-0.23291333029075717,0.9724974964352704
258,5.0,13.590462138469658,-0.1785548628616672,-0.9839299573386568
259,5.0,4.550746734899723,-0.9942947961987607,0.1066670438892212
260,5.0,4.996607522989146,-0.8980161123183932,0.43996256888121643
261,5.0,24.060787832772576,-0.6919458419519258,0.7219494108353026
262,5.0,8.926509689926636,-0.999994340392765,0.003364399268648258
263,5.0,75.63923384873607,-0.9995679268373515,-0.02939319033516135
264,5.0,60.50095813873338,0.906809191203797,0.4215413274500088
265,5.0,75.79732644449653,0.8360686827529572,0.5486247877372431
266,5.0,10.824962063768117,-0.27972142736420824,0.9600812064993929
267,5.0,44.382475910119076,-0.22461442040129223,0.9744477216083948
268,5.0,84.17716668334597,0.9809426490493912,0.1942975019807584
269,5.0,4.34831493213531,0.15063813096758435,-0.9885889709573908
270,5.0,43.906669687013874,-0.9896441151329979,-0.14354276499575205
271,6.0,10.409676352957812,-0.7675404151846824,-0.6410005546472838
272,6.0,20.015793457229684,-0.9765378279510415,0.21534593235225538
273,6.0,2.590614073801331,-0.9975027987046771,-0.07062695361075962
274,6.0,0.8650975765716425,0.784086643656858,-0.6206513797929747
275,6.0,6.669342758757847,0.2830235989391622,-0.9591129456135624
276,6.0,10.909291401355203,-0.9535257335921938,-0.3013115918405205
277,6.0,17.88865058161054,0.9356257121900414,-0.3529936638084003
278,6.0,12.303657526554462,0.8784877306954002,-0.4777649076875006
279,6.0,12.20657078978234,-0.8282991071036822,-0.5602861672139005
280,6.0,1.2598162291916688,0.4518377184456816,-0.8921001491927916
281,6.0,6.9726617136019104,-0.8324219604564856,0.5541422919700147
282,6.0,10.31461498969566,0.8879113190120743,-0.46001466234266764
283,6.0,4.91879278695035,-0.5720166781977652,-0.8202419886006777
284,6.0,4.238761279643587,-0.0023571428094356296,-0.999997221935029
285,6.0,4.121603640994699,0.09095793622872354,0.9958547353088258
286,6.0,5.209365999136466,0.9559076958077731,0.29366728979488643
287,6.0,4.067381634465287,0.9733897236977885,-0.229155942099573
288,6.0,0.9809132652808322,0.7513415514219767,-0.6599135345685958
289,6.0,6.125437524678134,-0.9999064517571234,0.013678001845278558
290,6.0,4.31452247318228,-0.9393384541767861,-0.3429916449489199
291,6.0,3.6970797657246526,-0.7428635525876667,-0.6694428595756556
292,6.0,1.3955503992315357,0.9992216872603213,-0.03944641566272788
293,6.0,6.822635538644738,-0.9870119955662678,-0.16064657048407138
294,6.0,2.44585654999339,0.5053783749820681,-0.8628978491689987
295,6.0,24.1025406441203,0.9175178449711062,0.3976946116803405
296,6.0,3.771577862308557,-0.9823910182225143,0.18683652564670447
297,6.0,3.86397862574051,-0.2035653993921078,-0.9790613505650868
298,6.0,2.270290742339312,-0.888292580571919,0.4592780109050302
299,6.0,14.829358313432072,0.4346096052756132,0.9006189488358413
300,6.0,3.912536313823116,-0.8692967958023841,0.49429048221436356
301,6.0,5.508985042925892,0.600239302602738,-0.7998204671118254
302,6.0,5.093418113845701,0.999987478267645,0.005004328917679964
303,6.0,2.979624908567603,-0.6301694858446224,-0.776457609345368
304,6.0,7.840930733358249,0.3257885406105976,0.9454426618292708
305,6.0,7.523075669945653,0.7875713039597796,-0.6162235318284205
306,6.0,9.419946281248277,-0.7870853140950499,0.6168441523885079
307,6.0,7.826226966195062,0.08578697080132484,-0.996313502689155
308,6.0,2.916029594683431,-0.9956324929381447,0.09335919347217525
309,6.0,3.89620780459149,-0.4969853337023725,-0.8677589400776815
310,6.0,4.602980103666121,-0.8329791765237086,0.5533043389292049
311,6.0,23.78511370775985,0.5721003968130629,-0.8201835989376624
312,6.0,9.544203873509804,0.9958650386807786,-0.09084505893735438
313,6.0,21.00100521195581,-0.08744086868605364,0.9961697116874355
314,6.0,3.056058213764904,0.9399034381165678,0.3414403710996329
315,6.0,8.106084488782841,-0.39955845482741387,0.9167077185100654
316,7.0,7.9304877709997825,-0.49481801331091185,-0.8689966246787396
317,7.0,10.757861622320236,0.1226900896431522,-0.9924450321823146
318,7.0,10.716353691607694,0.8457199452752971,-0.5336269990953871
319,7.0,5.959404805860273,0.9328599830255189,-0.3602391595449175
320,7.0,3.0626560847876156,0.4580349330218528,0.8889341933639783
321,7.0,4.512773448233964,0.8896433472717841,-0.4566560134883319
322,7.0,9.289470201977513,0.010457050895740512,-0.9999453235485248
323,7.0,1.8033663612617157,-0.714972970717393,-0.6991520944283481
324,7.0,2.9946064899391436,-0.2967867446674869,0.954943782737851
325,7.0,11.282496272429523,0.9994803145154948,0.032235087963393264
326,7.0,5.384143226520054,-0.9693924543086835,-0.24551633251046046
327,7.0,9.332711001698003,-0.9196912330541503,-0.39264237652517403
328,7.0,9.64744778975926,-0.9904307017973425,-0.13801095948229558
329,7.0,21.65520805470001,-0.7008563146016945,0.7133024788145141
330,7.0,10.700308667622998,-0.9620005499533192,0.27304750848435067
331,7.0,11.974333666668487,0.9098359739850536,-0.414968071594272
332,7.0,1.5475449808557955,-0.5235169402266566,0.8520152658818497
333,7.0,11.344464449503434,-0.955990014987267,-0.29339920116565593
334,7.0,2.983702881755434,-0.35192427099226775,-0.9360284757882961
335,7.0,6.517159638473579,-0.9992174173759594,-0.039554428481752196
336,7.0,11.983984318296136,0.9095299973720731,0.4156382849069089
337,7.0,3.1539580679097967,-0.35464683740847375,-0.9350003319337206
338,7.0,3.0854040421718127,0.02942668620170066,-0.9995669412996744
339,7.0,2.5631138610278588,0.8287068192247631,0.5596829529031377
340,7.0,3.5035498737191157,0.8867250241444709,0.4622972329097239
341,7.0,3.6609408390750042,0.9894028796453108,-0.14519621809663816
342,7.0,5.61410172735858,-0.8068305699983125,-0.5907828969394749
343,7.0,14.52729150454558,0.8975958750977868,-0.44081928837953327
344,7.0,2.487536335153895,0.8187338174806732,0.5741732631475659
345,7.0,3.5682918597962336,-0.3193039572006681,-0.9476523534060335
346,7.0,0.7450750149732246,0.933623217543325,-0.3582564551603353
347,7.0,14.472095902268673,0.21382467203184083,0.9768720538691215
348,7.0,6.473697569936965,0.6910070899765411,0.7228479795933253
349,7.0,1.6418958387262912,-0.796324757682849,-0.6048693084471651
350,7.0,8.227741683087999,0.9636017966650731,-0.2673416867303767
351,7.0,2.7896557572761997,-0.8885412022107164,0.4587968308237696
352,7.0,66.88921845279447,-0.99047614734752,0.13768442735332884
353,7.0,11.342675393847609,-0.1246423963816924,-0.9922017300046544
354,7.0,77.23536946680312,-0.27252930439950473,-0.9621474825844124
355,7.0,3.975996980254476,-0.13704075293080253,0.9905654102764536
356,8.0,17.226300242921557,-0.9925817491484379,0.12157907409347901
357,8.0,5.810923003164305,-0.956141512116975,-0.2929051191199367
358,8.0,4.363327780167409,-0.20691588524641003,-0.978358736063973
359,8.0,4.211913684638755,-0.9916221413293328,-0.12917247704301685
360,8.0,2.0937419738994203,-0.14081198311208812,-0.9900363556011673
361,8.0,7.524959254249203,0.9771293323766422,0.21264587418799663
362,8.0,11.807162795956058,0.9025486527178873,-0.4305878882146203
363,8.0,2.3339944297436546,0.9593713216248708,0.28214653505536597
364,8.0,10.559512053290602,-0.9818755491753179,0.18952679475912543
365,8.0,2.8282801304594973,-0.22578456857923732,0.9741772572748184
366,8.0,4.399302683795706,0.9737581938646597,0.22758510470027743
367,8.0,2.484026347071423,0.9609368001161539,-0.27676789225364756
368,8.0,5.427829702636271,-0.9278548914490203,-0.37294141686614374
369,8.0,6.1804223553626,-0.8626488653175869,-0.5058032573701753
370,8.0,2.624807802489738,-0.8944706679680717,0.4471266309947907
371,8.0,6.232683014023918,-0.7062395025509763,-0.7079729973922377
372,8.0,2.4502756661182565,0.6730013225853202,-0.7396412777816082
373,8.0,6.0228883839281675,0.2436492103765217,0.9698634245515694
374,8.0,3.1410590937638645,0.38047961165402056,0.9247893084998364
375,8.0,12.96193179555894,-0.9956433768784565,0.09324304841683193
376,8.0,6.025300016569607,0.8671395917401131,-0.4980651849274248
377,8.0,22.32516010259386,0.9998535683214493,-0.017112624429491456
378,8.0,12.24661881720857,0.8338645624707481,0.551969103714572
379,8.0,12.277399998827185,-0.44086571070163383,-0.8975730750905707
380,8.0,2.067566555555182,-0.8245567395000623,-0.565779270868973
381,8.0,11.949380825585415,-0.8613238521794225,-0.5080563174164849
382,8.0,3.6655161474315574,-0.07027987666566264,-0.9975273123758864
383,8.0,7.157689025709889,-0.6325701980561833,0.7745030306791323
384,8.0,6.19343784172191,0.9166254107275074,0.3997472406516751
385,8.0,6.7134214814932,0.8351874847871376,-0.5499653309572659
386,8.0,45.175782895270586,0.8509159898072566,-0.5253017973416202
387,8.0,10.919602359872473,0.8483113639160397,0.5294977146795897
388,8.0,12.329854534568529,0.932420532550254,-0.3613750828138273
389,8.0,61.0865919235997,0.188095447725868,0.9821507534715866
390,8.0,4.186270380532625,-0.011341222953199058,-0.9999356862628346
391,8.0,1.3136584324438374,-0.6033700234495283,0.7974613563066963
392,8.0,21.07727505146392,-0.5551994739894497,-0.8317172260340882
393,8.0,3.255368365321878,0.8129141906215883,0.5823834807805318
394,8.0,11.751556641679505,0.5142352877665611,0.8576491525184653
395,8.0,31.88843422941654,0.43628315381423005,0.8998094296560294
396,9.0,3.1595515473254623,0.4390144258775271,0.8984800130617403
397,9.0,9.242552537981535,-0.4692384201221389,-0.8830715175348366
398,9.0,12.291916297322384,-0.975152419576346,0.22153500534768336
399,9.0,4.547671877097317,-0.7210060040626165,-0.6929288146019461
400,9.0,6.026641490672239,0.1600607880462512,-0.987107159395581
401,9.0,12.471270271805015,-0.3079509360621066,-0.9514022393175624
402,9.0,2.7465991837694634,-0.8727669670685722,0.4881370926224783
403,9.0,8.29827863315495,0.4216470600530835,-0.9067600326153505
404,9.0,20.194547665972397,0.9998309571627715,-0.01838632913271116
405,9.0,5.437953819866698,0.8407924547511163,-0.5413575971883944
406,9.0,16.129011278360956,0.9988953987906956,-0.046989171888612936
407,9.0,2.7677874263232005,0.735703823669473,-0.677303391279061
408,9.0,8.323567333542565,0.23404391546320483,-0.9722260260014912
409,9.0,13.876153915334156,0.8172154002543631,0.576332360350433
410,9.0,8.345258515568208,-0.7488189666673907,-0.6627745884983682
411,9.0,6.7804233430605425,-0.9780024294591667,0.20859349935213195
412,9.0,7.365291816928465,-0.27243732816370353,-0.962173530202854
413,9.0,3.811046589550272,0.15661990600560274,-0.9876589517858866
414,9.0,7.142472793422021,0.23515000357816918,-0.9719590916377021
415,9.0,10.468320159034953,-0.24119858221907214,-0.9704757822509068
416,9.0,4.476866078178121,-0.12209751912492522,0.9925181085620245
417,9.0,11.022639017466796,0.6056735043077793,-0.7957132688220893
418,9.0,5.529008807647493,0.9981417925106784,0.060934079492267396
419,9.0,4.6087120411742015,-0.9989207484272205,0.04644715665787941
420,9.0,7.989919269964173,-0.9229451504473943,-0.3849314864565338
421,9.0,1.5245330853656776,-0.8322452586699707,0.5544076383144029
422,9.0,24.38930051052157,-0.17681021050275256,-0.9842449641537275
423,9.0,9.420035976925199,-0.28288956298979145,-0.9591524879556143
424,9.0,4.513503332336132,0.48843468217982805,-0.872600459112812
425,9.0,4.806280689599308,0.7149975849559242,-0.69912692231611
426,9.0,15.58204865461468,0.9998024578427377,0.019875746316067693
427,9.0,28.682410446135542,0.7657775376188354,-0.6431055612249309
428,9.0,1.0868956414025652,-0.9875737223810839,0.1571564280020699
429,9.0,8.27571999417429,0.8994084794519029,-0.43710912492193066
430,9.0,3.9423936631854546,-0.9810090617612632,0.19396190538939892
431,9.0,8.19843203934941,-0.9816997975047242,0.19043504819014653
432,9.0,5.46105146117456,0.14395603827256107,0.989584083868
433,9.0,23.90939807387006,0.08000348444606192,-0.9967945838920317
434,9.0,3.0216780116879836,0.7158576537120831,0.6982462456911825
435,10.0,4.882667125967694,-0.4725244119090928,0.8813175818908675
436,10.0,4.104816092793377,-0.6637698800989591,0.7479368598173333
437,10.0,13.150683647209897,-0.973456180832921,-0.2288734672219208
438,10.0,16.225626820179762,-0.9679866912145622,-0.2510015251576852
439,10.0,11.14056253930213,-0.4911192405214587,-0.8710923553731978
440,10.0,4.346269485553868,0.5204422454088398,-0.8538968726923675
441,10.0,10.721163323176977,0.9998500124906454,0.017319137462818508
442,10.0,1.9347994293230975,-0.4337786664899574,0.9010194606656364
443,10.0,2.2117181803386585,0.9001854938214758,-0.4355066896310386
444,10.0,0.6635319235799766,0.2827200685035971,0.9592024618740933
445,10.0,7.001338135958887,0.7933695673746419,-0.6087402808782852
446,10.0,12.28251374026616,0.9636713619957575,-0.2670908198894929
447,10.0,5.996606251741312,0.9519734673678673,0.30618053077816754
448,10.0,18.65736225395278,0.9970851485025393,0.07629683240914567
449,10.0,10.60504850911535,-0.9951668783018812,-0.09819818904078077
450,10.0,1.8761107370416799,-0.8880760772373659,-0.45969650970905995
451,10.0,6.61911498826797,-0.8403002216864043,-0.5421213309156723
452,10.0,1.143491369679341,0.9249129190269438,-0.3801790265349446
453,10.0,6.264643066962693,-0.9824849084226044,-0.1863421710773672
454,10.0,10.245092973069976,-0.31688970264057564,0.9484623958599347
455,10.0,0.39673431485331123,-0.5786376053950318,-0.8155847727996786
456,10.0,14.388633475860058,-0.08984477703284707,-0.9959557801629138
457,10.0,32.056488747938076,-0.4474516266809517,-0.8943081358125791
458,10.0,7.000291380051905,0.5344455737147165,-0.8452028920541786
459,10.0,9.728425132821965,0.9609242557433311,-0.2768114425455082
460,10.0,5.603866013558572,0.7639413267797684,-0.6452857113232612
461,10.0,4.868781101359869,0.0956098095150249,0.9954188888726699
462,10.0,4.829132228195157,0.9999799719560736,0.006328956211760433
463,10.0,5.676059142746205,-0.8506339816044299,-0.5257583373944674
464,10.0,17.102521021561177,-0.6287095866471856,-0.7776401839269399
465,10.0,3.8310306897313606,0.9288416716974789,0.3704769208982293
466,10.0,3.934591210633865,0.9980306758842052,0.06272774501061303
467,10.0,17.7397866482875,0.9810450564022147,-0.1937797649621216
468,10.0,6.761680964922746,-0.9782709568294305,0.2073304970910705
469,10.0,11.660352042338932,0.9796135310577857,-0.20089133821172253
470,10.0,2.6220984136827425,-0.19366519226831358,0.9810676802869805
471,10.0,43.68800278579612,-0.1260252892996178,0.9920270290959554
472,10.0,26.737431908011835,0.3302532990759816,-0.9438923447350499
473,10.0,88.71429834118413,0.641852410751674,0.766828196411859
474,10.0,8.863087246049348,-0.9950271736598969,0.09960383365311475
475,10.0,54.55991730764405,-0.9988381577460546,-0.04819060728469609
476,10.0,3.966774008536375,0.749024739531585,-0.6625420285307501
477,10.0,1.641893730824488,0.9774984299282843,0.21094269242554733
478,10.0,60.77426800893001,-0.9966385694467377,-0.08192412276710845
479,11.0,4.33072465950508,-0.8075854793054669,-0.5897505350696678
480,11.0,4.448520542299044,0.5330441598918035,-0.8460874207818252
481,11.0,3.5736654038978433,-0.21450850711168687,-0.9767221203478067
482,11.0,2.2216668741377963,0.9720763186201018,-0.23466493299594285
483,11.0,1.969851222865201,-0.9836361590042776,-0.18016633064840792
484,11.0,4.860401252278448,0.4066335613479187,-0.9135913456165774
485,11.0,12.287278451063106,0.9991273706870268,0.041767177831742504
486,11.0,5.969502783039272,0.5434993109190779,0.8394096133774545
487,11.0,4.855394216550082,0.5841035666475329,0.8116791382249706
488,11.0,8.367178858062807,-0.22429833644926012,0.9745205263441579
489,11.0,2.351030521496744,-0.9076796787926614,-0.41966367570573826
490,11.0,11.010705377223106,0.20595640705829074,-0.9785611674247244
491,11.0,3.520500916351768,0.9080203032268019,-0.41892616166564095
492,11.0,5.427962816888238,0.8609501880870567,0.5086892702159755
493,11.0,17.502869868534717,0.9768751064281005,-0.2138107257391159
494,11.0,12.578102771045641,-0.19723548726619383,0.9803561406768803
495,11.0,4.467081275809985,0.9999302803288914,0.01180823786111269
496,11.0,7.1295824090624125,0.9951233165565867,-0.09863865796643473
497,11.0,5.466458787538758,0.3894996210396022,-0.9210266256791964
498,11.0,5.432991459155871,-0.058645829555124845,0.9982788521629572
499,11.0,1.810889489913895,0.8409008630126867,-0.5411891892716618
500,11.0,9.607214437355411,-0.23272648592567347,-0.9725422267175278
501,11.0,8.413423026108388,0.4958599466962252,-0.8684025064809615
502,11.0,3.587657944203153,0.9484321262585608,0.3169802862650379
503,11.0,10.745365462841159,0.9930388692383072,0.11778711381939974
504,11.0,26.40964194916668,-0.9519193603773605,-0.3063487087270925
505,11.0,94.47748516873486,0.2510416743655611,0.9679762795294808
506,11.0,7.070189545471286,0.8042372511426168,0.5943083743937719
507,11.0,6.7195462186783965,-0.8208684111007081,0.5711173711742613
508,11.0,5.35652307193972,0.4406793881432563,0.8976645681242439
509,11.0,4.051003185454105,-0.30525496760585663,-0.9522706572986208
510,11.0,6.190010279182966,0.7188895958413913,-0.6951242687397708
511,11.0,1.4798928025086069,0.8839033334021726,-0.4676696453700281
512,11.0,13.196408903871548,-0.12502628735048382,-0.9921534294005915
513,11.0,6.209018088317763,0.9729713396475537,-0.23092590202150312
514,11.0,5.4988619782237205,0.04292097398548525,0.9990784703876554
515,11.0,22.26064905010395,0.5961027907056731,-0.8029081285632303
516,11.0,9.574206171942278,-0.5039257340033058,-0.8637469852967532
517,11.0,1.7092737548202046,-0.8063411454945209,-0.5914507224465821
518,11.0,2.3753833867349368,0.9989090669781212,-0.04669770774780497
519,11.0,45.977853593593245,0.5778157211459753,0.8161672576111814
520,11.0,78.97770749891113,-0.971660390321883,0.23638122996449137
521,11.0,1.0111700773381422,-0.025811179735653576,-0.9996668360012019
522,11.0,28.381198789083818,0.21873155136677533,-0.9757850728703958
523,12.0,8.429531544180012,-0.6187821420681611,-0.7855626395504932
524,12.0,5.173625334596061,-0.20975553429085375,-0.9777538626026279
525,12.0,6.286641078524582,0.9436193796923699,-0.3310324248000294
526,12.0,23.520762620652963,-0.7559106888876251,-0.6546747516327752
527,12.0,5.924264651396598,0.6906614007868963,-0.7231782833182162
528,12.0,8.172992677133891,0.9685262309526582,-0.24891151029359487
529,12.0,14.467983911276999,-0.9798157215561697,-0.19990285588595919
530,12.0,2.9177114068529098,-0.7754747855680574,-0.6313785369714235
531,12.0,2.6377880346152445,-0.9581895106629041,-0.28613434197171134
532,12.0,13.232554237278533,-0.9852812919582459,0.17094085444120663
533,12.0,6.374768734947099,0.10689930418016294,-0.9942698520853366
534,12.0,11.36300635409102,0.8484220782764433,-0.5293202972615734
535,12.0,17.77253604769631,0.9962273613333366,0.08678159096731154
536,12.0,3.95086046726088,0.27363987614352486,0.9618322193522924
537,12.0,1.9861761184658855,-0.9821266366356495,-0.18822133144451808
538,12.0,3.603700138096588,0.35688133314026715,0.9341497278573846
539,12.0,3.103157933119742,0.531190760128643,0.8472522507222714
540,12.0,0.9557310921010742,-0.7517940353564219,-0.6593980045484722
541,12.0,8.332430064809078,-0.9945208883204375,0.10453804424384441
542,12.0,34.64304033096178,0.24088285567031598,-0.9705541972729365
543,12.0,17.27196177036734,0.9556899811482135,-0.2943750327947794
544,12.0,4.655797198142932,-0.8726468820274947,-0.4883517372628991
545,12.0,9.309117289262383,-0.8418328280755969,-0.5397383528842866
546,12.0,2.2764317058333936,0.13813402143292927,-0.9904135460113452
547,12.0,3.361043115207917,0.9507132486049182,0.31007147390091033
548,12.0,62.5778111430448,0.9955281797439139,-0.09446503763705048
549,12.0,6.609523433634991,-0.777290371507815,0.6291420176408843
550,12.0,10.414033683897994,-0.6161021820379967,-0.7876662372401264
551,12.0,6.957503777317071,0.4550403794562723,-0.8904708041616479
552,12.0,11.964164013713457,-0.05441022667414427,-0.9985186664420791
553,12.0,5.241512182207864,-0.2993332924761981,-0.9541486152666989
554,12.0,14.049512133425397,-0.7763616981616919,0.6302876435624406
555,12.0,22.270078373935057,-0.5946881575884708,-0.8039564635128136
556,12.0,7.7810465958513895,0.9109780396838421,0.4124548596074291
557,12.0,2.195299330928073,0.9990899256178142,-0.04265349374893791
558,12.0,15.61614920083125,0.9849998186720204,0.17255537434715615
559,12.0,30.020951564955787,0.7940116970002028,0.607902479865692
560,12.0,2.328648305882166,0.7354712235421548,-0.6775559603024726
561,12.0,9.963245588997738,-0.9999955280708211,0.002990625078418124
562,12.0,8.180137425223247,-0.9720658577789763,0.23470826176430837
563,12.0,8.692506360722446,-0.9987783383332651,0.049414885168758076
564,12.0,132.0352898141575,-0.1476809841995544,0.9890350483708104
565,12.0,5.463378461164144,-0.870942694982496,0.4913845968858069
566,12.0,79.78841730988741,-0.20644829115984922,0.9784575121471439
567,13.0,3.1748285275998236,0.7506845540224196,0.6606608058241088
568,13.0,8.754626663000195,0.9515739667513777,-0.3074198851750615
569,13.0,3.960681675053835,-0.6511000403365267,-0.7589919218764934
570,13.0,20.063685235961568,-0.7764156144185729,-0.6302212259889616
571,13.0,8.822035330762468,0.18373115396898532,-0.9829765323044214
572,13.0,5.093705480386071,0.5077459393033261,-0.8615068549471809
573,13.0,3.6191834170100017,-0.7174912230416833,-0.696567545079549
574,13.0,6.501810817000862,0.9512809408614821,-0.3083254312470728
575,13.0,5.749718106017336,-0.35562932814728343,-0.9346270812262567
576,13.0,2.941841455912973,0.5131616727197224,0.8582919652725969
577,13.0,19.12160729201744,-0.9263229426440143,-0.37673041545823494
578,13.0,12.201375765379794,-0.9930145492408644,-0.11799197004865553
579,13.0,5.925149590839459,-0.13110369636757618,0.9913686603876272
580,13.0,4.166862311018126,0.5092808382955754,-0.8606003879530592
581,13.0,2.598128647700342,0.5061507133146569,-0.8624450448643461
582,13.0,2.6016946802340124,0.8263059271386448,-0.5632215503472365
583,13.0,1.7438770943659354,0.9972761324552466,-0.07375849534192928
584,13.0,5.142167195697718,-0.3797468796941168,-0.9250904319916956
585,13.0,6.49128356686687,0.8545574530240426,0.5193568710251759
586,13.0,7.821881781116245,0.7389381729678941,-0.6737732382121381
587,13.0,4.356133123823549,-0.46061590705553446,0.8875995640869858
588,13.0,3.5654093205932447,-0.513572105465562,-0.85804643958685
589,13.0,4.651171486876166,-0.9138727134550966,0.40600081724328957
590,13.0,11.811238195282634,0.7394159008807727,0.6732489328061912
591,13.0,4.111450494402126,0.5427038721984713,-0.8399241079411792
592,13.0,7.393909291584462,-0.7753716869906873,-0.6315051440908585
593,13.0,0.5699896049583888,0.43339494906159504,-0.9012040934926435
594,13.0,8.174551815035697,0.5052137035941303,-0.8629942721134958
595,13.0,27.674434493504844,-0.8098601977774554,-0.5866229283414183
596,13.0,5.848274522207447,-0.9948710563581036,-0.10115127888915153
597,13.0,4.610986708937517,-0.00458964972961295,0.999989467502213
598,13.0,3.5014878902733977,0.9883036041534079,0.15249913448077002
599,13.0,5.1313177045045215,0.8164702870469894,0.5773874525562593
600,13.0,9.837703539963364,-0.9878764786362478,0.15524194973410657
601,13.0,5.746960866303427,0.9463175299875676,0.3232385070473955
602,13.0,5.812017414554966,-0.13407411466775143,-0.9909713072415663
603,13.0,2.717699934826411,0.9280896299296678,-0.3723568702427987
604,13.0,82.22067185943986,0.998815964024649,0.048648432754931414
605,13.0,35.88338846027141,-0.4318273367790242,0.9019562911861835
606,13.0,22.646374655940125,-0.8690098285715664,-0.4947948239887084
607,13.0,11.22740923287403,0.9996999614079662,0.024494635349616083
608,14.0,8.419920987685972,0.9811875901482916,-0.19305676092535096
609,14.0,5.472253356959821,0.5949019916819273,-0.8037982460125652
610,14.0,3.539373595238213,-0.9332748690518374,-0.3591629418471172
611,14.0,9.09065489788703,0.7441210777673872,-0.6680447751627897
612,14.0,2.316946621640278,-0.3074125619589227,-0.9515763325923209
613,14.0,5.812718236091029,-0.1569683501683872,-0.9876036335724035
614,14.0,5.672387955134687,0.4647401501288165,-0.8854471146591677
615,14.0,8.394793566379745,-0.8555726943915419,-0.5176826871854971
616,14.0,8.862268577975764,-0.5635160654470173,0.8261051046828807
617,14.0,4.993641164886154,-0.8391618521880514,-0.5438817756023077
618,14.0,6.8510355770755105,-0.8945424900792183,0.4469829229879724
619,14.0,5.040671167757898,-0.9245090331643802,-0.38116013379872665
620,14.0,7.728867868496809,-0.9910379289582918,0.1335807746873026
621,14.0,12.642223205193588,-0.9738449581072539,-0.22721355058420506
622,14.0,1.8337850011643724,0.23544356191862323,-0.9718880229486684
623,14.0,23.80590294024193,0.9840389989572503,-0.17795293909124613
624,14.0,9.177526489499977,0.9010219903107257,0.4337734120211825
625,14.0,5.707623141735547,0.5639601252155313,-0.8258020205635743
626,14.0,15.972015511931026,-0.9121569272881006,-0.4098411155561757
627,14.0,9.474883977405183,-0.945439338255274,-0.32579818550665574
628,14.0,9.68785102404778,-0.9351843339031356,-0.35416134970116203
629,14.0,2.2833753518148403,-0.49166330630957505,0.8707853887317684
630,14.0,3.825292986824242,0.35073789189466426,-0.936473668177214
631,14.0,10.069042578068705,0.3180275257332741,-0.9480814800827889
632,14.0,3.152255212979807,-0.6576031710987343,-0.7533644996685792
633,14.0,5.828342056974984,-0.8634769611220477,0.5043882806047675
634,14.0,4.266576439322423,-0.9989056942116752,0.04676979871125026
635,14.0,6.3980420019382604,0.8469310825027603,0.5317026814778185
636,14.0,7.77936409085636,0.9732532898086261,0.2297347032485217
637,14.0,74.73108428425334,-0.9729383981084416,0.23106465217808517
638,14.0,32.923119597165034,0.20386157131677893,0.9789997240756781
639,14.0,4.225843068588355,-0.5522522327399235,-0.8336770786304306
640,14.0,31.85105435424654,-0.9888965181868092,-0.14860577484743168
641,14.0,7.967057155538535,0.9722539660214267,-0.2339278212517838
642,14.0,4.762434552992266,-0.9815530941372399,0.19118975754367823
643,14.0,30.777741948329627,-0.7064936716799841,0.7077193595459537
644,14.0,69.53813158455537,0.03724454585178538,-0.9993061812098903
645,14.0,5.402296485925944,-0.7095543260542664,0.7046507350295435
646,15.0,2.703326743234499,-0.4230555360878767,-0.906103754205554
647,15.0,2.061847925351031,-0.5819956961922857,-0.813191865191516
648,15.0,2.8283113455989595,-0.9977720809623369,-0.06671487429417677
649,15.0,3.7238810595640186,-0.5923840287683652,-0.8056557344549599
650,15.0,12.319753642430662,-0.997381278884444,0.07232278016524946
651,15.0,4.345568589164703,0.994506992822525,-0.10467015442378136
652,15.0,3.678944158553325,0.40174952543361353,0.9157495939468749
653,15.0,11.740133962524135,-0.7126593730548496,0.7015102408354911
654,15.0,3.102033285475892,-0.4455759299647072,-0.8952441514112709
655,15.0,1.5400600184325965,-0.8571739669106992,-0.5150269803132409
656,15.0,6.314749900132862,0.987446481854881,0.15795393465317126
657,15.0,3.404083168889243,0.4237423638322674,0.9057827604309118
658,15.0,3.2553099819995586,0.9797679752507719,-0.20013673993798067
659,15.0,10.838083886982622,-0.24480335402696074,-0.9695727501622303
660,15.0,1.0931478744549903,-0.9748128100574255,0.22302462946487686
661,15.0,5.225175084179959,-0.5767041493232646,-0.8169530734095622
662,15.0,1.9935449826270981,-0.7012063816877834,-0.7129583510138069
663,15.0,5.740057343278069,0.9081062606691427,0.4187397990799384
664,15.0,49.935627285192446,0.9951166067282016,0.09870632712116217
665,15.0,10.540430389176095,0.09051875001480279,-0.9958947514149061
666,15.0,37.342422143843265,-0.7290811272300796,-0.6844272860698325
667,15.0,7.353411913949208,0.32750953105641883,-0.9448478750927076
668,15.0,8.489424547799011,-0.329880222442622,-0.9440227957211659
669,15.0,5.755937269733045,0.9661774980673175,-0.25787795995078516
670,15.0,4.25345032652727,-0.9993518946420534,0.03599709259562607
671,15.0,4.413740697939463,0.9826177049709727,0.18564063638540557
672,15.0,5.549082985425368,0.2174794344813088,0.9760649033633421
673,15.0,5.071656267226161,0.8986795030363391,0.4386059174502304
674,15.0,7.964437897011194,0.4482012562261705,0.8939326786270221
675,15.0,10.25372221661245,0.989351980976863,-0.14554263202634815
676,15.0,58.67478646926118,0.8579997371726189,0.5136501250965648
677,15.0,8.810739210340177,0.9767031468916084,0.2145948807684589
678,15.0,38.407898820921176,0.9826038253497221,0.1857140878019028
679,15.0,23.906884763983957,0.29030309108957003,-0.9569347497629297
680,15.0,5.385114944265746,0.6220447266787847,0.7829817098828785
681,15.0,1.3141211294775026,-0.11003509980238796,-0.9939277020042647
682,15.0,1.374057332687275,0.6779613666784295,-0.735097534543217
683,15.0,15.713479114535765,-0.9696964351735523,-0.24431296243078188
684,15.0,53.57446152034725,0.729402245796645,0.6840850559885157
685,15.0,6.812525277215875,-0.7132840017404934,0.7008751193051925
686,15.0,4.32187283088626,0.8943443194449684,-0.4473793002324948
687,15.0,78.08942150819223,0.9977545913014199,0.0669759325200972
688,15.0,5.587342812769809,0.9987528230797511,0.04992793196425647
689,15.0,7.178938270733565,0.9043048712967031,0.4268872213466377
690,15.0,3.92377265450933,0.945263605044738,0.32630770290911865
691,15.0,14.571956669016119,0.8505819377155734,-0.5258425308322067
692,15.0,111.16720855322096,-0.8474151014412759,-0.5309309238020253
693,15.0,120.7045295923452,0.580312281099647,0.8143940424664979
694,16.0,14.344691279014238,0.8828200195651471,-0.46971141465264954
695,16.0,3.786592709014601,0.7904006629748758,-0.6125902316956066
696,16.0,5.842525145361155,0.9425807861700265,0.3339782351338105
697,16.0,8.240426472241113,-0.6299367126921535,-0.7766464691238886
698,16.0,2.4144257277986947,0.9990320779061953,0.04398758136599075
699,16.0,7.73288414453242,-0.8387517054138467,-0.5445140738909913
700,16.0,1.8364941086193871,0.22562899647267282,-0.9742133010541041
701,16.0,17.969344882893015,-0.9998997630960929,0.014158522535126283
702,16.0,4.874416357352594,0.5189983977922293,-0.8547752120230786
703,16.0,5.16540348261106,0.19336763948755925,-0.9811263710649151
704,16.0,8.685207695265875,0.07893750559443669,0.996879566552815
705,16.0,3.8652747517247996,0.8748985446403331,0.4843062425637594
706,16.0,4.920794401791252,-0.9876399915138633,-0.15673942440399696
707,16.0,7.379306514282462,-0.18442788319615921,0.9828460489312575
708,16.0,3.1613758482749144,-0.6284128861501076,-0.7778799679388149
709,16.0,11.696869616264417,-0.8663792017716679,-0.49938670260379114
710,16.0,2.6409300056930576,-0.5601630840299973,0.8283823509044614
711,16.0,7.704458661500569,-0.6150339326808839,-0.7885006415032811
712,16.0,6.757423886338811,0.9964031413907413,-0.08473948210050902
713,16.0,40.86400351009994,-0.982399009230595,0.1867945038344148
714,16.0,9.475011105775984,0.8809363065761162,-0.47323485052987274
715,16.0,5.484150089659598,0.9967200012176061,-0.08092736973839813
716,16.0,7.128042520613294,0.767592660068067,-0.6409379909239495
717,16.0,13.370811840389262,-0.825295686921632,0.5647008315458295
718,16.0,1.7001311426987054,0.7070694355120922,0.7071441248887043
719,16.0,5.46569234034634,-0.8841113689277588,0.46727624306472565
720,16.0,6.81426994797244,-0.9819200242927111,0.18929623845444368
721,16.0,3.0713759923096964,-0.17046538649573645,-0.9853636648501197
722,16.0,7.918388930042476,-0.9409397111415667,0.338574157308004
723,16.0,13.36196681247158,-0.7848690132390103,0.6196617077544992
724,16.0,5.9231087069376995,-0.7357366592003617,-0.677267722771941
725,16.0,6.1564578912740195,0.9682372238098337,-0.2500333546329893
726,16.0,7.487833936823626,0.8666449760979169,0.4989253304896847
727,16.0,2.5481259299189256,-0.8745722189760895,-0.4848952812672434
728,16.0,0.9804823808390986,-0.2942335888651219,-0.955733537751789
729,16.0,83.26299587381041,-0.8211133616403061,0.5707651420118048
730,16.0,2.8489694762261117,0.998635027398135,0.05223104492087075
731,16.0,6.581761447351973,0.0719723452831667,0.997406627967972
732,16.0,3.981734983348068,0.08986058428364252,-0.9959543540706082
733,16.0,5.755502236600592,-0.9523217788999118,0.30509544315329834
734,16.0,7.154177085231049,0.882065411034593,0.4711269581082944
735,16.0,3.7231275126827845,-0.32654227956198395,0.9451825959350199
736,17.0,6.302319456308495,0.7755219815505355,0.6313205652692861
737,17.0,3.6606638094587147,-0.4489625560501363,-0.8935505711849376
738,17.0,10.859714326088618,-0.7825768687916453,-0.622553969092049
739,17.0,2.4737376695706175,0.3098880047534993,-0.9507730667777118
740,17.0,7.352200659146306,-0.7316114225198816,-0.6817218834968077
741,17.0,9.239291281608988,0.5309075869388329,-0.847429722237063
742,17.0,4.276165254543022,-0.31688943550419485,-0.9484624851125283
743,17.0,13.951284697660794,0.6412403879584996,-0.7673400581559867
744,17.0,16.148673718278925,-0.5862543084944786,-0.8101270800137845
745,17.0,7.292047937788436,-0.7098573930845581,-0.7043454276725272
746,17.0,10.686742452529055,0.5029265658287845,-0.8643291441248904
747,17.0,7.9275143556226,0.9251493099412206,-0.3796034171543814
748,17.0,8.035236845273241,-0.45442486963124795,-0.8907850682743977
749,17.0,5.60841022171884,0.8815043264814287,0.4721759443200412
750,17.0,1.2768835842750095,-0.14978033172239572,-0.9887192990071192
751,17.0,15.211190449601792,-0.5026504844067815,-0.8644897284095561
752,17.0,3.4043875354082753,-0.9100113824800075,0.4145832651673552
753,17.0,11.895662978865907,0.8909688915375613,0.4540643504089806
754,17.0,6.56847471766318,0.8248243216433593,-0.5653891035610541
755,17.0,3.366355121406141,-0.7895833509389979,0.6136433263060417
756,17.0,14.692760151643206,0.009693459291880606,-0.9999530173197922
757,17.0,5.359526303185803,0.771818720199537,0.63584264024171
758,17.0,8.858439602925822,-0.9317722417173593,0.3630433714654589
759,17.0,6.625588882926282,0.5367265742020891,0.8437562352630583
760,17.0,5.8241295950048535,0.5265406892971359,0.8501499294327426
761,17.0,2.295178610383848,0.2707208933091002,0.962657882077492
762,17.0,2.376809012089828,-0.2756891722975971,0.9612468362901727
763,17.0,8.166652411031698,-0.7814062766676199,-0.6240226204108686
764,17.0,55.54504133468743,-0.999972188381865,-0.0074580468478044155
765,17.0,3.1438133727178244,0.968937928900603,-0.24730404351285895
766,17.0,15.69825609525798,0.8897533011791056,-0.4564417411246302
767,17.0,7.348000316504589,0.7983517271680987,-0.602191431131093
768,17.0,11.68339754195144,0.6990965939990865,-0.7150272388230231
769,17.0,6.202384125499042,0.8726083179630796,-0.4884206418873438
770,17.0,0.5577605034930395,0.5109539602663385,-0.8596080795851937
771,17.0,14.11211982607453,-0.8367669267378743,-0.5475592299629811
772,17.0,78.60154144845401,0.840035538057397,-0.5425313767890475
773,18.0,9.595109379105972,0.3865920334069469,-0.9222508333996137
774,18.0,10.873742855020115,0.3450652843644161,-0.9385786858471189
775,18.0,12.727907377462424,0.385791896877752,-0.9225858292340426
776,18.0,4.934091512952722,-0.43220260261262927,-0.9017765301308688
777,18.0,2.7816186265023197,-0.9175812987892259,-0.3975481858998695
778,18.0,22.90373108720137,-0.5013451866891707,-0.8652473656611734
779,18.0,16.578039621931307,0.44986061428109475,-0.8930987782539153
780,18.0,6.113450525571118,-0.9558002920731931,-0.2940166690390169
781,18.0,2.7696288685426964,-0.7444179974272397,-0.6677138946483128
782,18.0,6.46339491059534,-0.6097028797486462,-0.7926300514276555
783,18.0,2.5022573597243576,-0.7977550006804677,-0.6029817235118382
784,18.0,5.67179450425268,0.0389144519538427,-0.9992425458461685
785,18.0,4.179139856830608,-0.6965049606359166,-0.7175519770787063
786,18.0,3.655563160896428,0.40057442524002307,-0.9162642249065632
787,18.0,8.440744561930869,0.38643362642332246,-0.9223172189487303
788,18.0,19.344912505073935,-0.9629403368469897,0.2697144928864709
789,18.0,53.855836833540266,0.24384634120417967,0.9698138800209734
790,18.0,70.69581526591838,0.9999780264946752,0.006629217737772568
791,18.0,20.723242200962716,-0.9518061613601836,0.3067002301870545
792,18.0,2.6272097747839176,0.9928611391233362,-0.119275975865684
793,18.0,14.069623916628322,0.9655407861478937,-0.26025178248171
794,18.0,9.186279987227337,-0.45817905997212194,-0.8888599152864656
795,18.0,20.743448321094007,-0.7549035224256034,-0.6558358573830928
796,18.0,9.520270867471947,-0.9619919634648996,-0.2730777585761006
797,18.0,57.12642177276995,-0.11006255393487524,0.9939246622462553
798,18.0,71.61717577273427,-0.5269046276754136,0.8499244162478413
799,18.0,6.522397943831316,0.7028800510377563,-0.7113083957420726
800,18.0,28.260051726773487,0.41169466848859826,0.9113218421271725
801,18.0,7.125267814216198,-0.3256060095018031,-0.9455055402144991
802,18.0,1.2564932734648995,0.7748451983479078,0.6321510251492054
803,18.0,68.95678056035908,0.04200988856686743,-0.9991171949589294
804,18.0,5.262763902634564,0.9997778486138982,0.02107732006127231
805,18.0,98.54388263311282,-0.99965614348502,-0.02622202876699696
806,18.0,1.4775444985344053,-0.6534518690471187,0.7569680672517349
807,18.0,2.285710091838497,0.9980517390048098,-0.06239171635301451
808,18.0,39.05499204083782,-0.3954841054183553,-0.9184728206982737
809,18.0,6.694827875172593,0.9999789624952788,-0.006486491105813963
810,19.0,3.4475852742854367,0.47329924031029763,-0.880901713655783
811,19.0,3.4071485156594874,-0.7029676634198394,-0.7112218108199799
812,19.0,1.241881035685638,0.5944688968287949,-0.8041186048731591
813,19.0,20.306885521556975,-0.9993556660118741,0.03589223885415234
814,19.0,6.171460036682782,0.9711993526133912,-0.2382683728137871
815,19.0,5.740339649496393,0.1954079161621988,-0.9807220535407304
816,19.0,3.01581663379527,0.1294771971776444,-0.9915823997081743
817,19.0,8.488099966925557,-0.8268590589545887,-0.5624091896695255
818,19.0,3.7736210543758717,-0.9535945367228009,0.30109377199209314
819,19.0,7.500256978174386,0.6637763187023564,-0.7479311457145955
820,19.0,9.414173446672477,0.9968551431709546,-0.07924533761437104
821,19.0,4.644313780416208,-0.6621465782688091,0.7493743449617875
822,19.0,12.591573489277451,-0.9127221239761126,-0.4085808664200191
823,19.0,4.262757180728887,-0.5686263382017526,-0.8225959442540827
824,19.0,8.286767074302812,0.9455925899363831,0.32535312178831705
825,19.0,5.754625661802689,0.8874059875426802,-0.460988734432199
826,19.0,6.027969561034619,0.9977503556191736,-0.06703900254189844
827,19.0,4.61773583747284,-0.9470163368060504,0.3211853947838371
828,19.0,3.305448918484771,-0.04705408711163633,0.9988923429910205
829,19.0,9.289264757568999,0.926804421472315,-0.37554435735258723
830,19.0,5.987638099010077,0.7546704377042177,0.6561040545944862
831,19.0,4.8857945810004955,-0.6005808414266179,0.7995640392809669
832,19.0,42.89608319885048,-0.4868482193138848,0.873486583383454
833,19.0,2.3211654175133556,0.9540989999159246,0.2994913994748975
834,19.0,13.03433173478385,1.659835530150853e-05,-0.9999999998622473
835,19.0,13.145454254154112,0.9473055829899184,0.32033128544700523
836,19.0,35.52869363670712,0.9600882062950962,-0.27969740101235313
837,19.0,77.97028434706873,-0.9846133850274729,0.17474690848407426
838,19.0,13.338734150232725,0.8018422250631059,-0.5975358115676813
839,19.0,10.185806958481615,-0.6213334685071277,0.7835462468245905
840,19.0,19.023766261341137,-0.1522803266001126,-0.9883373422726488
841,19.0,121.66492391999894,-0.5949001627058454,-0.8037995996593671
842,19.0,3.94304666325421,0.7871164266646778,-0.6168044510820498
843,19.0,2.822570242801613,-0.7882072445053233,0.6154098956868709
844,19.0,7.989175039207156,0.9353206150780106,-0.35380128180956594
845,19.0,58.75249987476095,0.9949607611580812,-0.10026506747482747
846,19.0,5.877574687916664,0.832823522808521,-0.5535385983441488
847,19.0,13.585463040989646,0.9741292209516755,0.2259917274770957
848,20.0,1.1001020992272825,0.6970422543120217,-0.7170300521621216
849,20.0,8.028738854959174,-0.8733370223110324,0.48711645985421115
850,20.0,5.1535856012443,0.7871055424673916,0.616818340370253
851,20.0,8.46799272822785,-0.12198935092756932,-0.9925314092059104
852,20.0,4.339274536348831,0.9713830095767833,0.23751852286832498
853,20.0,14.407247505973045,-0.9916116280436332,0.12925315906644272
854,20.0,4.837199978910261,0.6408266067062742,-0.7676856519027316
855,20.0,11.267370491046755,-0.729385112154208,-0.6841033241899891
856,20.0,4.707616188072574,0.7363458226346776,-0.6766053720511388
857,20.0,6.577438739141725,-0.9999980878910263,-0.0019555598408779553
858,20.0,7.087720454746238,0.6187408451021097,-0.7855951671200168
859,20.0,8.20723206793075,0.8478658952978888,0.530210735076827
860,20.0,5.649580873021808,-0.6730659815536546,0.739582439269089
861,20.0,4.13634148338104,-0.972334070367919,0.23359463949704637
862,20.0,9.23449225354574,0.9767258919813271,-0.21449133300271306
863,20.0,9.034856315225126,-0.9962854701451845,-0.08611191542166857
864,20.0,10.21933183886139,0.7062905623551989,-0.7079220589358527
865,20.0,5.801377531307736,0.6127920528618879,-0.7902442027305948
866,20.0,12.580391389421035,0.5034424527222401,-0.8640287592418524
867,20.0,7.203398091256881,0.9998010796767419,-0.019944951171194283
868,20.0,4.605758979672541,0.6256353419086053,0.7801156446033515
869,20.0,10.716087724546473,-0.3575971808143252,-0.933875931949018
870,20.0,3.605505862662086,0.15655856510473842,0.9876686770837402
871,20.0,2.5636911881410014,-0.47994577290986995,0.8772981563105826
872,20.0,62.365325781260076,0.9972769826534824,-0.0737469990546457
873,20.0,8.904448011779186,0.8350810981909219,-0.5501268575921775
874,20.0,11.530383894218838,-0.5176429184517046,0.8555967560579001
875,20.0,5.727367946964891,0.5842959896170317,-0.8115406314642871
876,20.0,160.7515911263486,-0.13404406151095072,0.9909753728391277
877,20.0,11.638803504790015,0.12969399624539946,-0.9915540667749281
878,20.0,31.132425032100823,0.9739919940831616,-0.2265824253156159
879,20.0,15.518475414236653,-0.9088288846784712,-0.41716910045458294
880,20.0,8.055559766167734,-0.702101552664861,-0.7120768285414091
881,20.0,6.703619913612571,0.77034796415451,-0.6376237245609686
882,21.0,2.6929171096932976,-0.4681620276957473,-0.8836426403381666
883,21.0,6.732367255890363,0.793759205966634,-0.6082321291605851
884,21.0,4.141328049235285,-0.38511830706505634,-0.9228672112299499
885,21.0,6.761474098915658,-0.8144285070815135,0.5802639113825512
886,21.0,11.559664959825017,0.9783603529618315,0.20690823993355228
887,21.0,2.2892938956332833,-0.6450358539423154,-0.7641523062380352
888,21.0,8.901990028559634,-0.9695016997048087,-0.24508458594837548
889,21.0,1.8851764595946932,-0.33636507932434656,0.9417316674144106
890,21.0,9.495466369273585,0.7786836721733634,-0.6274167185297231
891,21.0,11.024081617168223,-0.9795626096970274,0.20113948812590018
892,21.0,27.829195428687807,-0.9613717537079518,-0.2752532491588378
893,21.0,7.055670748221061,0.048425337473624826,-0.9988268051522073
894,21.0,11.210937257113423,-0.9809269687625399,-0.19437664971476137
895,21.0,5.374399914481803,-0.7738765955770432,-0.633336415199762
896,21.0,7.3715326025799754,0.6256178859259652,-0.7801296435910674
897,21.0,13.039169576801914,0.9785353718730321,-0.20607893146391013
898,21.0,4.597436178520889,-0.9261284728753268,-0.37720823391015085
899,21.0,16.024490805920802,-0.6739903147405187,-0.7387401814142617
900,21.0,5.108512672404318,-0.6990001556470062,-0.7151215158317228
901,21.0,31.056679133787444,-0.9783978625509281,-0.20673079730842056
902,21.0,3.492085231323417,-0.7763167702018613,0.6303429798953507
903,21.0,7.971109888280003,-0.9293176256537136,-0.3692813976486555
904,21.0,9.75845565391083,0.9787125322008218,0.20523591136313207
905,21.0,2.4660955013363552,0.04283375889444646,-0.9990822133833495
906,21.0,12.177635095117678,-0.8947660924706606,-0.4465351495288867
907,21.0,6.4219120027019745,0.806685624808891,-0.5909807972571437
908,21.0,8.14345147795884,0.5371012537726033,0.8435177788262069
909,21.0,98.32057672072837,0.9061641428954711,-0.42292617101630914
910,21.0,6.640507715176045,-0.9797490563317172,0.2002293350563546
911,21.0,57.8230424455066,-0.9951437916587107,0.09843187452814675
912,21.0,1.1240198612556946,-0.5967150705271994,-0.8024531915356307
913,21.0,126.54299933841713,0.4086098083376263,0.9127091675502599
914,21.0,5.083596455677643,-0.6646886892955843,0.7471204362902397
915,21.0,11.578149876264359,0.9336780410401366,-0.3581135513764496
916,21.0,70.20795994849755,-0.9996227874204424,-0.027464210707482686
917,21.0,159.3687845686388,0.024909070420628652,0.9996897209688514
918,22.0,4.166919382059267,-0.8900516094107882,-0.4558597729403919
919,22.0,7.696324647584865,0.5543312343149667,-0.8322961508158293
920,22.0,0.6250203535524681,-0.5114153922982084,-0.8593336351618441
921,22.0,5.971597548673241,0.9958391632998438,-0.09112826585789495
922,22.0,1.705089623280204,-0.9985419098686261,0.053981980659442645
923,22.0,6.407407065367053,-0.8595926461483231,-0.5109799239576089
924,22.0,9.269266473398234,-0.7475338836146646,0.6642236768197723
925,22.0,5.726535733974867,-0.6910441214635602,0.7228125774989366
926,22.0,2.153836500908915,-0.29219396586572854,-0.9563590781247687
927,22.0,6.54174920204345,-0.08109244641377736,-0.9967065842737414
928,22.0,13.729328640600466,-0.9606654056206342,0.27770844143407375
929,22.0,4.762604553790002,0.9820218788894268,-0.18876713003719717
930,22.0,4.881285874827261,-0.04227515226065944,-0.9991060061381565
931,22.0,4.192290422914604,0.9253097945377069,-0.37921205694517
932,22.0,2.0862310738624377,0.9991692000794052,-0.04075425882875901
933,22.0,8.941314552685093,-0.8689973062921316,-0.4948168162633717
934,22.0,1.5914953275074064,-0.9371976513946784,-0.3487987417126083
935,22.0,4.546924770019626,0.7855754700575075,-0.6187658530041278
936,22.0,0.939118684027124,0.9473814043839149,-0.3201069737252863
937,22.0,9.055718189885086,-0.6518890655006657,-0.7583143452953192
938,22.0,10.594316974205453,-0.8297608705156445,-0.5581190713110596
939,22.0,5.1260607546557475,0.9396347811191641,-0.3421790147147259
940,22.0,85.36890702157292,0.9997499827463054,-0.022360053639511965
941,22.0,1.9352094877604853,-0.11685243201685858,0.9931492884414435
942,22.0,21.898662826727385,-0.9306623870970152,0.36587910741512075
943,22.0,47.79320923212926,-0.28703784440488755,-0.9579192428797928
944,22.0,27.90440391739665,-0.9921335096127581,-0.12518426060600105
945,22.0,11.124798716748273,-0.9810614860071177,-0.1936965685640973
946,22.0,65.84241476731309,0.9897516732059156,-0.14279924854875944
947,22.0,8.48696788455889,-0.35271443624309,-0.935731011811471
948,22.0,5.05400359333508,0.9083757264711827,0.41815492291488204
949,22.0,3.1990631297675707,-0.23565526673534437,0.9718367122412559
950,22.0,7.541099953145283,0.9970608281552721,0.07661399975411233
951,22.0,34.71235158600837,-0.9572639479274044,0.28921572225319864
952,23.0,4.200443652760909,-0.14115305132480527,-0.9899877858346015
953,23.0,13.867047835859573,-0.9545754490715775,0.29796931390630854
954,23.0,8.578113224735521,0.09816924683297709,-0.9951697337521104
955,23.0,5.218657221908441,0.5013701685807098,-0.8652328900691134
956,23.0,10.712128567203525,0.9451747096879873,-0.32656510555512297
957,23.0,2.147322078389309,-0.23022904913570721,-0.9731364677855149
958,23.0,6.385624364468539,0.30327404838064,-0.9529033799807918
959,23.0,4.539420164522138,0.508622491902526,-0.8609896403156456
960,23.0,6.658329483403625,0.45761235462427724,-0.8891518053151694
961,23.0,4.132057617426979,-0.8961971857427208,-0.44365595258806956
962,23.0,3.672030622355716,-0.6869242287128136,-0.7267290444225456
963,23.0,5.121215936479855,-0.8265068642333054,0.5629266412022339
964,23.0,5.526324829081608,-0.007061003079565853,-0.9999750708070229
965,23.0,6.072694954101183,-0.9907387568606977,-0.135781867913649
966,23.0,3.5676287338433745,0.9990729498168134,0.04304928506178789
967,23.0,2.011957438302019,-0.9956228549754038,-0.09346192085884933
968,23.0,4.639058510269358,0.6877411011378769,-0.7259560439900343
969,23.0,8.793727429552408,0.9017967481872105,-0.43216041577054815
970,23.0,4.295343393418248,-0.9574159733342759,-0.2887120607186011
971,23.0,3.076479972946093,-0.8126569757396267,0.5827423442497753
972,23.0,5.711168477993361,0.4689472417745636,0.8832261796573
973,23.0,16.305992294621074,-0.9220029585018914,-0.3871828308612866
974,23.0,0.4622467118534541,0.6754621919791365,0.7373946210861184
975,23.0,8.948207975546618,0.9826847127967822,-0.18528560450155301
976,23.0,14.540411311764027,0.9514789004995216,0.3077139936763058
977,23.0,11.342410816355034,0.9435376564800452,0.33126528765348207
978,23.0,12.198396619250252,-0.9662671926139085,-0.2575416713427868
979,23.0,6.024474980421627,-0.617212479628545,0.7867965143483943
980,23.0,0.9860646449182913,0.22749656446693528,-0.9737788830919172
981,23.0,6.233050763755206,0.7084098006970834,0.705801356102635
982,23.0,21.03770987885756,-0.5529948668582372,-0.8331846597414289
983,23.0,14.735464908126906,-0.7550741796297782,0.6556393698188184
984,24.0,4.416125531962242,0.5372928485162626,-0.8433957522618195
985,24.0,7.365836661832732,0.6447234428882852,-0.764415909168743
986,24.0,7.174560536588727,0.9927884710139958,-0.11987932191037962
987,24.0,5.006765171535267,0.17023652348407914,-0.9854032301916076
988,24.0,6.284113627967544,0.26485964586551647,-0.9642869738786236
989,24.0,9.037006289647119,-0.8702335642500904,0.4926393647005726
990,24.0,10.23740244170602,0.6920219927424557,-0.7218764170969713
991,24.0,7.630036283467109,0.9979460679589083,0.0640597021953258
992,24.0,10.511917709051117,-0.9948979142878555,0.10088676893267479
993,24.0,7.97953657599631,0.6141616720399267,0.7891802332782554
994,24.0,3.8457196357477,0.9517039901838021,-0.3070171250406555
995,24.0,1.0584951519190249,0.2330074488354881,-0.972474950210635
996,24.0,11.949447607874738,-0.8815015227988001,-0.47218117847220104
997,24.0,7.017911642380805,-0.9340896483948838,-0.357038553606641
998,24.0,14.021062447434767,-0.7572829004887385,-0.6530869839671921
999,24.0,2.5917009671383746,0.9927436464323215,0.12024995828796767
1000,24.0,47.80890557541563,0.6261895230948422,-0.779670880029679
1001,24.0,13.037449113303573,-0.9394866646404486,0.3425854739517793
1002,24.0,8.13431210379241,-0.9682137707435958,-0.25012415745478833
1003,24.0,4.610437624968892,0.6669206534853098,0.7451287418659457
1004,24.0,12.406690253908135,0.8870640273620921,-0.46164641378456
1005,24.0,12.341838005304604,0.9990132686551154,-0.04441271271857214
1006,24.0,1.5296915483790612,-0.9329417926799638,0.3600272371239369
1007,24.0,3.4249901029319796,0.8247623712976841,-0.5654794699115264
1008,24.0,4.162948797716525,0.5161849864724266,0.8564771215511017
1009,24.0,6.716413593002932,-0.8493400553800828,-0.5278460668859416
1010,24.0,51.32961792304967,0.5935156722140754,0.8048224318669766
1011,24.0,2.511820833632534,-0.5983070275237419,0.8012669348074364
1012,24.0,2.4056438917793144,0.9999401680864246,-0.0109389326395614
1013,24.0,7.575335858229493,-0.07387067190527338,0.9972678295384161
1014,24.0,4.820562197225139,-0.8816232742466986,0.47195381374296624
1015,24.0,23.999045088004525,0.29501598795691625,0.9554923164786856
1016,24.0,15.862774073976963,-0.9510526163789074,0.30902899682527357
1017,24.0,4.745135834406679,-0.9174454402159655,-0.3978616144175422
1018,24.0,33.475395625947456,0.8462792874799138,-0.532739493169494
1019,24.0,40.5406383799509,0.06572680791379273,0.9978376554938501
1020,24.0,70.67466284445106,-0.16879379795677202,-0.9856513855168714
1021,25.0,5.795928426374265,0.9921014424266089,0.1254381438600006
1022,25.0,1.8810906660748425,0.5715899693274732,0.8205394000072258
1023,25.0,3.210073030484235,0.20030312224262795,0.9797339736989091
1024,25.0,3.7606043752626603,0.8880786125141175,-0.45969161183884993
1025,25.0,7.626556242512225,-0.9881967723065905,-0.15318987957053926
1026,25.0,18.34154060532157,-0.9983234650737155,-0.057881422608727584
1027,25.0,4.665483776566474,-0.540167986613451,-0.8415572150709485
1028,25.0,4.208703013430703,-0.8755256544806501,-0.4831716344594633
1029,25.0,10.652188424460526,0.9023801279131001,-0.43094095273893035
1030,25.0,9.963948513836566,-0.9762379350559905,-0.21670139399093713
1031,25.0,6.9814692268897,-0.880506218030531,-0.4740345979035402
1032,25.0,2.7644039232815425,-0.1711381951651802,-0.9852470340760254
1033,25.0,4.677837262678646,-0.6475585660943413,-0.7620156845353254
1034,25.0,8.031341410225211,-0.7705989158756209,0.6373204145885473
1035,25.0,11.523937248620783,0.5763771425870605,-0.8171838162269094
1036,25.0,2.9061213759492643,0.7888004014737882,-0.6146494339335152
1037,25.0,5.358686834090276,-0.9031018334385248,0.4294264528880065
1038,25.0,12.486373156126344,-0.951409585657571,-0.30792823891109594
1039,25.0,6.775973668059418,0.660542285324132,0.7507888446818939
1040,25.0,14.88399039201865,-0.39152697242202117,0.9201666315760673
1041,25.0,19.817715583134863,-0.5083092890858565,-0.8611745854523526
1042,25.0,7.254644117263032,-0.9796060393128455,0.2009278670115221
1043,25.0,4.457256164183243,0.7282714551660197,-0.6852887621947178
1044,25.0,50.39371369184862,-0.8980612817479573,0.4398703607032602
1045,25.0,20.212963934783087,-0.9917545255050784,0.12815210158322418
1046,25.0,10.544700929918482,-0.8809108250051638,-0.47328228192984534
1047,25.0,8.43536647517639,0.9997040431633593,-0.02432747588288059
1048,25.0,33.75913169862314,0.6277832488548308,-0.7783882016431607
1049,25.0,75.11941127310642,0.8965150030684323,0.44301337369565796
1050,25.0,5.067253375471666,0.2526326326674631,-0.9675622734023411
1051,25.0,3.900554889948154,0.12519685797302674,0.9921319200356784
1052,25.0,8.075061066724524,0.4539696997779983,0.8910171219923183
1053,25.0,22.450341353798848,0.9489962253657811,-0.31528743115052915
1054,26.0,7.714485173946074,0.9057846426043579,-0.42373834051463355
1055,26.0,9.974043880949486,0.16425720971629615,-0.9864175429584658
1056,26.0,13.251316031263542,0.8128907536922356,-0.5824161935949835
1057,26.0,9.474259636828029,0.464197926977642,-0.8857314968937593
1058,26.0,10.092489218838974,0.3660900439700181,-0.9305794322388767
1059,26.0,3.290645734669672,0.47145626179504624,-0.8818894450067087
1060,26.0,2.255173458882367,-0.9613313768663909,0.27539423351292036
1061,26.0,5.481341660516582,-0.31637704138895323,-0.9486335265432971
1062,26.0,4.036598667309906,-0.9807762181282265,-0.1951358756202803
1063,26.0,3.6688609241199477,0.07374321360859863,-0.9972772625737922
1064,26.0,10.254507679353052,-0.9428435810827636,-0.3332356247627648
1065,26.0,3.132747645681809,-0.9992145399491428,0.039627050788858406
1066,26.0,3.279349649510443,-0.6267912915577492,-0.77918718985066
1067,26.0,36.98512490931621,-0.11512027836662128,0.993351559876357
1068,26.0,2.951782804763824,0.9893113738712659,-0.14581839914410133
1069,26.0,4.578184305487538,-0.9565681699403812,-0.29150872415231405
1070,26.0,12.41336687279873,0.895922342759974,-0.44421071097338444
1071,26.0,4.5636050373935415,0.49208840214926886,0.8705452340172678
1072,26.0,18.487722252727814,-0.12248242679918936,0.9924706822497988
1073,26.0,6.404580251266271,0.5969772679685895,0.8022581514255614
1074,26.0,13.264074242601236,-0.8757790515470646,-0.4827121842996342
1075,26.0,14.199263330925902,-0.9208612075136059,0.38989054425131114
1076,26.0,77.01655876813788,0.9844808493697456,0.1754920431934861
1077,26.0,10.625634209969954,-0.41409078014106565,-0.9102355880771547
1078,26.0,4.052430547997269,0.08390547782982172,0.9964737180629247
1079,26.0,5.616486566609292,0.3467382836053583,-0.9379619196334199
1080,26.0,39.00929225086695,-0.9939131492659735,-0.1101664727410052
1081,26.0,1.8753351167078214,0.7940483983843418,0.607854539362224
1082,26.0,5.089104442340509,-0.8374727263877976,-0.5464791236237566
1083,26.0,4.603688322137392,0.7581680770584918,0.6520591744078361
1084,26.0,3.9022185840319485,0.03661216274895748,-0.9993295500178326
1085,26.0,2.301428193039307,-0.9478130205684338,-0.31882672102717774
1086,26.0,5.711177506232105,-0.8827477411650124,-0.4698472363099182
1087,26.0,16.324444139300912,-0.7342086352368441,-0.6789239132212467
1088,26.0,22.092599677213602,-0.07111800380357286,0.997467909025145
1089,26.0,124.58771035415812,-0.4519031725797127,-0.8920669944641996
1090,26.0,10.043713176088518,-0.8369366636161691,-0.5472997543348941
1091,27.0,5.840246513559612,0.9988249802469306,-0.04846296353628055
1092,27.0,6.044658369050792,-0.6337599982013398,0.7735297438882606
1093,27.0,6.171786575116879,-0.7009611578084709,-0.7131994498342016
1094,27.0,7.70520817237898,0.9994311964999922,0.03372363359120435
1095,27.0,4.543768253565471,-0.8609536109057639,-0.5086834770938866
1096,27.0,1.196550960106776,-0.995178654727916,0.09807877025093346
1097,27.0,4.036470755877613,-0.35107941947988336,0.9363456846793645
1098,27.0,32.467859616987056,0.15466025068438286,-0.987967715493904
1099,27.0,4.2545277827654955,0.8899725407892825,0.4560141189054005
1100,27.0,11.305363490340419,0.053534325476866325,-0.9985660098339704
1101,27.0,7.076259779920153,0.7349340846368603,-0.6781385487044518
1102,27.0,3.9163848913598107,-0.9803676232883843,-0.1971784045170376
1103,27.0,3.34607326771282,-0.4351797136089609,-0.900343610441715
1104,27.0,2.968995143429588,-0.7946723667386514,-0.6070385733559197
1105,27.0,8.899434772434756,0.7382481933107347,-0.6745291728853811
1106,27.0,5.241568405599654,-0.9628753648323576,0.2699463498529927
1107,27.0,6.493775769035938,0.8152191499348297,-0.5791526030154173
1108,27.0,2.5082972761001088,-0.444689728744797,-0.8956846795322999
1109,27.0,18.563657082311003,-0.8367032304074066,-0.5476565568180578
1110,27.0,4.63491650021114,0.9656228144089282,-0.2599472644460424
1111,27.0,5.313674676694167,-0.6110125304325915,0.7916209242145898
1112,27.0,4.885466993206806,0.26816835718543724,-0.9633720632260745
1113,27.0,8.97062596397026,-0.9239103498443643,-0.38260902426689364
1114,27.0,1.5392321088931402,0.716325020206985,-0.697766770078271
1115,27.0,6.350605189407654,0.0662641477776213,0.9978021160126418
1116,27.0,7.4202339519902,-0.7445100154776315,-0.6676112917360646
1117,27.0,4.403375529830667,0.6497806409168819,-0.7601217788549716
1118,27.0,8.190513067590167,0.10613354039027052,0.9943518852017261
1119,27.0,9.048268044937908,-0.9781822520559798,0.20774860231224623
1120,27.0,133.20083112282776,0.5908799816661542,0.806759472994402
1121,27.0,2.386172505559744,0.12333983866194666,-0.9923644916051989
1122,27.0,2.8003917978847856,0.7257897019962527,-0.687916643552248
1123,27.0,8.0267549572943,-0.4692050738897247,-0.8830892359417241
1124,27.0,5.5363104313331295,0.7170049012186693,-0.6970681255289228
1125,27.0,140.99339197075395,0.9576704406127797,0.28786685668295386
1126,27.0,85.13725296942502,0.9192031803252094,0.3937835868596104
1127,27.0,48.28905857607014,0.5910229671147962,0.8066547293252687
1128,27.0,6.521605001527679,0.8928179519921858,-0.4504177001411901
1129,27.0,48.18373531136915,0.1356736661656942,-0.9907535800132947
1130,27.0,4.190403203745995,0.49825587839605473,0.8670300338764372
1131,28.0,10.26219386284128,0.7887805552422873,-0.614674902425395
1132,28.0,9.935450502631724,0.5421521830224806,-0.8402803165872439
1133,28.0,8.087274594172872,-0.8735942940515621,-0.4866549181920932
1134,28.0,19.907097791287605,0.7640592455124823,-0.6451460837259234
1135,28.0,3.837332485045946,0.599164705139789,-0.800625790313271
1136,28.0,7.82487962933426,-0.9941072891270403,-0.10840063516643772
1137,28.0,14.82727845719976,-0.5785999471617589,-0.8156114890953963
1138,28.0,3.7982157854743903,-0.052465846988164117,0.9986227189984286
1139,28.0,6.529305789714738,-0.7156795944230517,-0.698428749498799
1140,28.0,5.813210581412298,0.2660384496249456,0.9639624180024631
1141,28.0,3.6183887538120763,0.237513117172759,-0.971384331338981
1142,28.0,10.92752147857829,0.34951901468886254,-0.936929270740821
1143,28.0,6.220502792765946,-0.03956193940042437,0.9992171200249109
1144,28.0,9.61538618169561,-0.03745675840572945,0.9992982493979137
1145,28.0,3.85255981078109,0.9993354734769677,-0.03645012277845675
1146,28.0,9.539691119949486,0.9959464703986829,0.0899479188219789
1147,28.0,3.432501613294979,-0.9828917057509915,-0.18418440424179927
1148,28.0,1.585285774359775,-0.9074824259550951,0.4200900458028675
1149,28.0,7.145853381597702,0.9559261198602699,-0.2936073115044803
1150,28.0,7.1562352832833485,0.31455740754542755,-0.9492384512641171
1151,28.0,3.81893774890606,0.7380760606696979,-0.6747175176815113
1152,28.0,36.001269418216914,-0.14872335047935983,-0.9888788424383411
1153,28.0,5.410463844503036,-0.9539309809541009,-0.30002613815457296
1154,28.0,5.761918057636794,0.9339278611682613,0.35746153657935936
1155,28.0,5.387346110878209,0.8421192867264882,0.5392913006189427
1156,28.0,6.410231043907705,-0.2741395442725904,-0.961689924178275
1157,28.0,3.8584517196596146,-0.9934613986966446,-0.11416851273318122
1158,28.0,3.7489838360812193,-0.9004424445529604,0.43497517635778804
1159,28.0,3.764901160915939,0.8277825192459181,-0.5610491073256255
1160,28.0,9.410804919087886,0.8949489757833122,-0.4461685003946384
1161,28.0,1.6331420443044693,0.4045507807056373,-0.9145155361340009
1162,28.0,1.8136128346447893,-0.03405228104472509,-0.999420052908511
1163,28.0,29.96017499382639,0.09067728733450402,0.9958803289359901
